method,setting,n_scenes,bias_P80_error_pct,mean_abs_P80_error_pct,std_abs_P80_error_pct,median_abs_P80_error_pct,max_abs_P80_error_pct,mean_abs_P80_error_mm,mean_NMI,mean_ARI,mean_noise_fraction,mean_predicted_clusters,selection_score
MLP affinity,threshold=0.999,20,-7.694333803652881,13.372836082536477,10.252524398818458,11.978537503768337,39.44306512582244,34.63759277392423,0.1340506351492187,-0.005992779857704086,0.8994506953951891,15.3,22.367343036488368
DBSCAN,"eps=0.025,min=6,zw=1.00",20,6.361326625605176,18.23942599768637,19.698263235982566,9.437239713979366,73.07312966862213,48.99387382048732,0.5886383101515038,0.03927083469594174,0.4182437795165231,218.95,22.421863792851603
Graph threshold,"d=0.070,z=0.040,c=0.050,thr=0.85",20,2.792165871538601,13.90022246716197,9.980444407430955,14.34591869902835,36.09942752813085,35.59957239290726,0.3875826320636012,0.0024733375753710624,0.6823782224938615,73.1,20.724004692100586
Region growing,"r=0.035,a=0.100,c=0.035,z=0.035",20,115.1185585546867,115.1185585546867,40.80624939077814,116.60063425763235,182.28864691862822,299.2502295294661,0.7577130337474338,0.34582991540659463,0.18888444695748072,80.3,117.0074030242615
