method,setting,n_scenes,bias_P80_error_pct,mean_abs_P80_error_pct,std_abs_P80_error_pct,median_abs_P80_error_pct,max_abs_P80_error_pct,mean_abs_P80_error_mm,mean_NMI,mean_ARI,mean_noise_fraction,mean_predicted_clusters
MLP affinity,threshold=0.999,20,1.770685407895878,13.3865239727354,8.186998087444838,17.360818149529877,25.176350620471954,33.55088559217928,0.13370821439809352,-0.016516840205088673,0.886807641219154,15.3
DBSCAN,"eps=0.025,min=6,zw=1.35",20,3.6105767924341565,18.700628399346478,14.391816687652705,13.389333848625647,47.81275424041244,47.33928244801764,0.5240938266869309,0.031493969657741566,0.464271373470923,231.5
Graph threshold,"d=0.050,z=0.060,c=0.050,thr=0.85",20,2.7624154294046117,19.027943013385247,14.086102109221233,16.899790422840766,59.628448793110934,48.53080606483432,0.36216363778824273,-0.015603678082245068,0.6711753085940242,88.8
Region growing,"r=0.035,a=0.100,c=0.035,z=0.035",20,133.37231030281686,133.37231030281686,57.17749206694594,126.7282125934328,273.26759142452283,337.1224912062502,0.8566624506138737,0.7006460896517301,0.08534898291252499,74.75
