method,setting,n_val_scenes,n_test_scenes,calibration_slope,calibration_intercept_mm,raw_full_mean_abs_P80_error_pct,raw_full_mean_abs_P80_error_ci95_low,raw_full_mean_abs_P80_error_ci95_high,calibrated_full_mean_abs_P80_error_pct,calibrated_full_mean_abs_P80_error_ci95_low,calibrated_full_mean_abs_P80_error_ci95_high,calibrated_full_mean_signed_error_pct,mean_NMI,mean_ARI,mean_noise_fraction,mean_predicted_clusters
DBSCAN,"eps=0.025,min=6,zw=1.35",20,20,0.19597372681607023,205.75694666301354,18.700628399346478,12.839431904191644,25.18700775735314,4.989635677563025,3.517360115351818,6.577302842922188,1.3311126130151387,0.524093826686931,0.03149396965774157,0.464271373470923,231.5
MLP affinity,threshold=0.999,20,20,0.31206769030780557,182.99543150524025,13.3865239727354,9.83045674140448,16.808221463927968,6.30035446367064,4.568645302487378,8.199452810605814,3.8221220084332237,0.13370821439809352,-0.016516840205088677,0.886807641219154,15.3
Region growing,"r=0.035,a=0.100,c=0.035,z=0.035",20,20,0.05877371071089004,227.24622807525657,133.37231030281686,110.31698872146252,158.98541677379112,6.963292956443894,5.0350468800685535,8.893408551977188,3.204700927774668,0.8566624506138737,0.7006460896517301,0.08534898291252498,74.75
Graph threshold,"d=0.050,z=0.060,c=0.050,thr=0.85",20,20,0.3101157769842871,183.14055335058805,19.027943013385247,13.484070248806628,25.347125309919186,7.166732069026312,4.784087969401296,9.893037437347244,3.988173908917582,0.3621636377882428,-0.015603678082245064,0.6711753085940242,88.8
