variant,n_scenes,threshold,mean_abs_P80_error_pct,median_abs_P80_error_pct,mean_abs_P80_error_mm,mean_NMI,mean_ARI,mean_noise_fraction,selected_for_transfer
edgeconv_post_split,20,0.997,19.03570399969349,18.361913335118317,48.43826406681895,0.49152021971327436,0.03226294852643608,0.6025152179850584,True
edgeconv,20,0.997,20.816769782866267,19.415030874596095,53.458528047669176,0.49200792279914723,0.03398891799678326,0.6025152179850584,False
edgeconv_absorb_post_split,20,0.997,21.841160342790822,21.40106412763557,55.6960685145548,0.5965423543344401,0.07046764514660872,0.5056577517998729,False
edgeconv_absorb,20,0.997,23.451500822968264,21.40106412763557,60.0471051656681,0.5971629880058014,0.07324358634553389,0.5056577517998729,False
