variant,n_scenes,threshold,bridge_probability,graph_threshold,mean_abs_P80_error_pct,median_abs_P80_error_pct,mean_abs_P80_error_mm,mean_NMI,mean_ARI,mean_noise_fraction,selected_for_transfer
edgeconv_post_split,20,0.9999,0.5,0.85,26.959571950335334,27.155439099637512,68.91003905730405,0.30332343072414547,0.0038052109336813543,0.742213082470533,False
edgeconv,20,0.9999,0.5,0.85,27.174619978923545,30.146631357560018,69.3260317616953,0.3045965162749974,0.00881701386765393,0.742213082470533,False
edgeconv_absorb_post_split,20,0.9999,0.5,0.85,29.069569784765385,28.446887156156603,74.36215288423699,0.5629913943058945,0.09948694910696142,0.5148002772325638,False
edgeconv_hybrid_bridge_absorb_post_split,20,0.9999,0.5,0.85,29.256154364240246,29.663531550613282,75.30903121196114,0.7538147162733082,0.34906295349670374,0.27231804744017624,True
edgeconv_hybrid_bridge_absorb,20,0.9999,0.5,0.85,30.460211385512736,29.663531550613282,78.30248726656703,0.7568524735560108,0.3760999485075466,0.27231804744017624,False
edgeconv_absorb,20,0.9999,0.5,0.85,30.716310742847163,30.145357337308084,78.58736426389723,0.5657586102164397,0.11117802446888023,0.5148002772325638,False
edgeconv_hybrid_bridge_post_split,20,0.9999,0.5,0.85,33.41263444050968,35.038693563621166,85.84189970107187,0.5607636444052083,0.11057718180158096,0.48294079083239644,False
edgeconv_hybrid_bridge,20,0.9999,0.5,0.85,34.1455498104795,37.414885402478035,87.88809487804406,0.5625691563107549,0.12338946144049649,0.48294079083239644,False
