variant,n_scenes,threshold,bridge_probability,graph_threshold,mean_abs_P80_error_pct,median_abs_P80_error_pct,mean_abs_P80_error_mm,mean_NMI,mean_ARI,mean_noise_fraction,selected_for_transfer
edgeconv_post_split,20,0.9995,,,12.40227372490197,13.32310917713028,32.02290322946186,0.2294499234820268,0.0003636695157256481,0.8311635978807524,True
edgeconv,20,0.9995,,,12.901534351642846,13.32310917713028,33.447040856720875,0.22954456220362637,0.0006398844024105667,0.8311635978807524,False
edgeconv_absorb_post_split,20,0.9995,,,17.414369591230525,16.55993946602326,44.15427034134795,0.4069712124450202,0.021357914244941392,0.6938622768949905,False
edgeconv_absorb,20,0.9995,,,19.8469681813225,17.114667124993254,50.78406148274964,0.4075292711541164,0.02297382800975859,0.6938622768949905,False
