variant,threshold,bridge_probability,graph_threshold,n_scenes,mean_NMI,mean_ARI,mean_noise_fraction,raw_full_mean_abs_P80_error_pct,raw_full_median_abs_P80_error_pct,exterior_proxy_mean_abs_error_pct_vs_oracle,exterior_proxy_median_abs_error_pct_vs_oracle,calibrated_full_mean_abs_P80_error_pct,calibrated_full_median_abs_P80_error_pct,calibrated_full_mean_signed_error_pct,calibrated_full_mean_abs_error_mm,calibration_slope,calibration_intercept_mm
edgeconv_hybrid_bridge,0.9999,0.5,0.85,20,0.5625691563107549,0.12338946144049648,0.4829407908323963,34.14554981047951,37.414885402478035,11.257893202104047,8.324017171410873,5.002224996853913,4.592506038666,2.776400535723913,12.505969838878134,0.19065067711122893,196.04454260636646
edgeconv_hybrid_bridge_absorb,0.9999,0.5,0.85,20,0.7568524735560108,0.3760999485075465,0.2723180474401762,30.460211385512736,29.663531550613293,9.676085179921387,8.612959000576275,5.092949747116978,5.498530759118618,2.699421983361882,12.76549034368359,0.2280977724274108,185.22745061544026
edgeconv_hybrid_bridge_post_split,0.9999,0.5,0.85,20,0.5607636444052082,0.11057718180158094,0.4829407908323963,33.41263444050968,35.038693563621166,11.591756447217765,9.399461764399295,5.335483564234953,4.929016325933048,3.4112882740821555,13.301413730601784,0.26222270110197365,173.76395915441023
edgeconv_hybrid_bridge_absorb_post_split,0.9999,0.5,0.85,20,0.7538147162733082,0.3490629534967037,0.2723180474401762,29.256154364240246,29.663531550613293,9.293690305324114,8.330552609758916,5.456775710345394,4.92208914520648,3.694199056760007,13.617973277227543,0.30711447336265996,162.686758309155
