stage,n_points,n_fragments,z_min,z_q05,z_median,z_q95,z_max,median_fragment_retained_ratio,q10_fragment_retained_ratio
full sampled surface,42019,150,-0.06522025913000107,0.02066107839345932,0.24689745903015137,0.7020350694656372,1.061441421508789,1.0,1.0
viewpoint visible only,30014,150,-0.06306296586990356,0.028766437619924548,0.2851642966270447,0.7366232246160506,1.061441421508789,0.7280273180982402,0.5832959641255606
old top-only envelope,8933,147,-0.00601727282628417,0.09790257811546325,0.3148338198661804,0.7899509429931639,1.061441421508789,0.21513684056056936,0.08764850420787518
new depth-buffer exterior,5190,134,-0.0038305078633129597,0.08863932080566883,0.3398718535900116,0.9205756753683091,1.061441421508789,0.09631737999859441,0.0
