stage,n_points,n_fragments,z_min,z_q05,z_median,z_q95,z_max,median_fragment_retained_ratio,q10_fragment_retained_ratio
full sampled surface,42019,150,-0.06868157535791397,0.021883700042963028,0.24595141410827637,0.7038462162017822,1.0647908449172974,1.0,1.0
viewpoint visible only,29895,150,-0.06868157535791397,0.03038234114646912,0.28495290875434875,0.7387623190879822,1.0647908449172974,0.732532485581266,0.5780268013206448
old top-only envelope,8860,146,0.009578381665050983,0.1001551527529955,0.313421294093132,0.790882807970047,1.0647908449172974,0.20384545288864592,0.09118086696562033
new preserve-side envelope,17710,150,-0.06868157535791397,0.03441792204976082,0.27588513493537903,0.777131089568138,1.0647908449172974,0.44217945930274694,0.28533434650455924
