stage,n_points,n_fragments,z_min,z_q05,z_median,z_q95,z_max,median_fragment_retained_ratio,q10_fragment_retained_ratio
full sampled surface,42019,150,-0.06742671132087708,0.020786473527550697,0.24495075643062592,0.7040525674819946,1.0657685995101929,1.0,1.0
viewpoint visible only,32265,150,-0.06377562880516052,0.026333506777882577,0.27370771765708923,0.7341312050819396,1.0657685995101929,0.7963299663299663,0.6392551368136632
old top-only envelope,9198,146,0.014402003027498722,0.09725122973322868,0.3098404258489609,0.7873255491256712,1.0657685995101929,0.22792207792207791,0.09032940058595297
aggressive depth-buffer exterior,6820,136,-0.019779007881879807,0.07418122179806233,0.3103981465101242,0.9060130566358564,1.0657685995101929,0.13043652704220832,0.007690802348336596
new HPR multiview exterior,11691,139,-0.06742671132087708,0.009393954649567604,0.25115063786506653,0.8582172691822052,1.0657685995101929,0.19006568144499178,0.021153846153846155
