split,n_scenes,mean_oracle_exterior_P80_mm,mean_full_ground_truth_P80_mm,mean_signed_bias_pct,mean_abs_bias_pct,mean_visible_fragments,mean_exterior_points
test,20,313.67198328245024,255.07235551429807,22.938072723023208,22.938072723023208,142.55,6923.75
train,60,321.58297239853874,266.19799895221894,20.808815270566974,20.843628966329174,141.73333333333332,6989.233333333334
val,20,317.43825425233103,261.33247916819107,21.663795413477235,21.663795413477235,141.7,6983.8
