method,setting,n_scenes,bias_P80_error_pct,mean_abs_P80_error_pct,std_abs_P80_error_pct,median_abs_P80_error_pct,max_abs_P80_error_pct,mean_abs_P80_error_mm,mean_NMI,mean_ARI,mean_noise_fraction,mean_predicted_clusters
MLP affinity,threshold=0.999,20,1.770685407895878,13.3865239727354,8.186998087444838,17.360818149529877,25.176350620471958,33.55088559217928,0.1337082143980935,-0.0165168402050886,0.886807641219154,15.3
DBSCAN,"eps=0.025,min=6,zw=1.35",20,3.610576792434157,18.70062839934648,14.391816687652703,13.389333848625649,47.81275424041244,47.33928244801764,0.5240938266869309,0.0314939696577415,0.464271373470923,231.5
Graph threshold,"d=0.050,z=0.060,c=0.050,thr=0.85",20,2.762415429404612,19.027943013385247,14.086102109221232,16.899790422840766,59.62844879311093,48.53080606483432,0.3621636377882427,-0.015603678082245,0.6711753085940242,88.8
EdgeConv edgeconv_hybrid_bridge_absorb_post_split,"threshold=0.9999,bridge=0.50,graph=0.85",20,,29.25615436424025,,29.66353155061328,,75.30903121196114,0.7538147162733082,0.3490629534967037,0.2723180474401762,
Region growing,"r=0.035,a=0.100,c=0.035,z=0.035",20,133.37231030281686,133.37231030281686,57.17749206694594,126.7282125934328,273.26759142452283,337.1224912062502,0.8566624506138737,0.7006460896517301,0.0853489829125249,74.75
