method,setting,n_scenes,bias_P80_error_pct,mean_abs_P80_error_pct,std_abs_P80_error_pct,median_abs_P80_error_pct,max_abs_P80_error_pct,mean_abs_P80_error_mm,mean_NMI,mean_ARI,mean_noise_fraction,mean_predicted_clusters
EdgeConv post split,threshold=0.9995,20,9.373729030158822,12.402273724901972,8.593909075178745,13.32310917713028,28.17794571765077,32.02290322946186,0.22944992348202672,0.00036366951572563576,0.8311635978807524,15.4
Graph threshold,"d=0.070,z=0.040,c=0.050,thr=0.85",20,5.91124321415045,14.366385342634077,11.311411931246612,12.741541973492904,46.41210488774251,37.2183579555628,0.3791261526519184,0.0048684156997434,0.6941090939395936,72.1
MLP affinity,threshold=0.999,20,-10.209278503007864,16.14607899833252,11.135913839772156,14.643104237224351,41.74333573901355,41.19665150251857,0.1228943781765606,-0.0056862691804407,0.9076309383423654,13.75
DBSCAN,"eps=0.025,min=6,zw=1.00",20,9.189840633688789,18.992336719948163,13.469761052952006,15.30532039755793,45.38787527107657,49.30110338516566,0.586467533233639,0.0386020712436471,0.4231585561101829,223.2
Region growing,"r=0.035,a=0.100,c=0.035,z=0.035",20,116.00820179516732,116.00820179516732,47.10964567720446,105.13493411258682,212.06919825476697,291.8903394075595,0.7505357066442838,0.3246815351489161,0.1953239989292862,79.7
